System Code,System Name,Reading Status^ Number Tested,Reading Status^ % Below Grade Level (Lexile < 970L),Reading Status^ % Grade Level  or Above (Lexile â‰¥ 970L),English Language Arts Number Tested,English Language Arts Mean Scale Score,English Language Arts Standard Deviation,English Language Arts % Beginning Learner,English Language Arts % Developing Learner,English Language Arts % Proficient Learner,English Language Arts % Distinguished Learner,English Language Arts % Developing Learner & Above,English Language Arts % Proficient Learner & Above,SGP English Language Arts Number Received SGP,SGP English Language Arts SGP Median,SGP English Language Arts % SGP Low Growth,SGP English Language Arts % SGP Typical Growth,SGP English Language Arts % SGP High Growth,Mathematics Number Tested,Mathematics Mean Scale Score,Mathematics Standard Deviation,Mathematics % Beginning Learner,Mathematics % Developing Learner,Mathematics % Proficient Learner,Mathematics % Distinguished Learner,Mathematics % Developing Learner & Above,Mathematics % Proficient Learner & Above,SGP Mathematics Number Received SGP,SGP Mathematics SGP Median,SGP Mathematics % SGP Low Growth,SGP Mathematics % SGP Low Growth.1,SGP Mathematics % SGP Low Growth.2,RESA RESAName_RPT
601,APPLING COUNTY,213.0,28.63849765258216,71.36150234741784,213.0,507.88732394366195,55.057486928314745,28.169014084507044,33.80281690140845,33.333333333333336,4.694835680751174,71.83098591549296,38.028169014084504,201.0,60,28.855721393034827,26.3681592039801,44.776119402985074,,,,,,,,,,,,,,,FIRST DISTRICT
602,ATKINSON COUNTY,109.0,33.944954128440365,66.05504587155963,109.0,512.9357798165138,60.135845480501665,31.192660550458715,23.853211009174313,32.11009174311926,12.844036697247706,68.80733944954129,44.95412844036697,106.0,52.5,30.18867924528302,35.84905660377358,33.9622641509434,,,,,,,,,,,,,,,OKEFENOKEE
603,BACON COUNTY,136.0,25,75,136.0,516.1397058823529,54.52680928023592,19.852941176470587,34.55882352941177,38.23529411764706,7.352941176470588,80.1470588235294,45.588235294117645,131.0,57,29.00763358778626,25.954198473282442,45.038167938931295,,,,,,,,,,,,,,,OKEFENOKEE
604,BAKER COUNTY,19.0,47.36842105263158,52.63157894736842,19.0,471.05263157894734,51.37603600924649,47.36842105263158,42.10526315789474,5.2631578947368425,5.2631578947368425,52.63157894736842,10.526315789473685,17.0,14,88.23529411764706,5.882352941176471,5.882352941176471,,,,,,,,,,,,,,,SOUTHWEST GEORGIA
605,BALDWIN COUNTY,279.0,47.31182795698925,52.68817204301075,279.0,487.60573476702507,61.980056865160584,46.95340501792115,25.806451612903224,20.788530465949822,6.451612903225806,53.04659498207885,27.240143369175627,256.0,47,37.5,32.8125,29.6875,,,,,,,,,,,,,,,OCONEE
606,BANKS COUNTY,205.0,34.63414634146341,65.36585365853658,205.0,503.9219512195122,59.11689778749572,32.19512195121951,32.68292682926829,26.829268292682926,8.292682926829269,67.8048780487805,35.1219512195122,200.0,52,33,34,33,,,,,,,,,,,,,,,PIONEER
607,BARROW COUNTY,1069.0,35.266604303087,64.733395696913,1069.0,501.8306828811974,52.005296777206254,30.12160898035547,36.295603367633305,29.560336763330216,4.022450888681011,69.87839101964452,33.58278765201123,1020.0,51,34.411764705882355,30.098039215686274,35.490196078431374,,,,,,,,,,,,,,,NORTHEAST GEORGIA
608,BARTOW COUNTY,965.0,34.196891191709845,65.80310880829016,965.0,505.7740932642487,56.712574735450616,31.191709844559586,32.33160621761658,28.704663212435232,7.772020725388601,68.80829015544042,36.476683937823836,922.0,50,34.59869848156182,31.995661605206074,33.40563991323211,,,,,,,,,,,,,,,NORTHWEST GEORGIA
609,BEN HILL COUNTY,221.0,34.841628959276015,65.15837104072398,221.0,491.60633484162895,51.09023884404844,39.366515837104075,33.484162895927604,25.339366515837103,1.8099547511312217,60.633484162895925,27.149321266968325,213.0,50,34.27230046948357,32.394366197183096,33.333333333333336,,,,,,,,,,,,,,,COASTAL PLAINS
610,BERRIEN COUNTY,223.0,27.80269058295964,72.19730941704036,223.0,509.9103139013453,52.14352189031968,24.663677130044842,38.11659192825112,30.493273542600896,6.726457399103139,75.33632286995515,37.219730941704036,206.0,43,41.74757281553398,32.03883495145631,26.21359223300971,,,,,,,,,,,,,,,COASTAL PLAINS
611,BIBB COUNTY,1568.0,44.38775510204081,55.61224489795919,1568.0,484.4349489795918,54.02712314170238,44.005102040816325,32.015306122448976,21.301020408163264,2.6785714285714284,55.994897959183675,23.979591836734695,1491.0,51,34.138162307176394,32.52850435949028,33.333333333333336,,,,,,,,,,,,,,,MIDDLE GEORGIA
612,BLECKLEY COUNTY,186.0,17.204301075268816,82.79569892473118,186.0,521.2903225806451,51.806308839474916,17.741935483870968,36.55913978494624,37.096774193548384,8.602150537634408,82.25806451612904,45.69892473118279,184.0,46,34.78260869565217,39.67391304347826,25.543478260869566,,,,,,,,,,,,,,,HEART OF GEORGIA
613,BRANTLEY COUNTY,259.0,32.04633204633205,67.95366795366796,259.0,507.33204633204633,51.131895263506095,25.482625482625483,37.06563706563706,32.432432432432435,5.019305019305019,74.51737451737452,37.45173745173745,241.0,30,54.77178423236514,30.70539419087137,14.522821576763485,,,,,,,,,,,,,,,OKEFENOKEE
614,BROOKS COUNTY,155.0,61.935483870967744,38.064516129032256,155.0,467.56129032258065,49.74024525798258,60.645161290322584,25.161290322580644,12.903225806451612,1.2903225806451613,39.354838709677416,14.193548387096774,142.0,48,35.91549295774648,31.690140845070424,32.394366197183096,,,,,,,,,,,,,,,COASTAL PLAINS
615,BRYAN COUNTY,734.0,17.57493188010899,82.42506811989101,734.0,528.7261580381471,56.16002226348629,17.302452316076295,27.929155313351497,41.55313351498638,13.215258855585832,82.6975476839237,54.76839237057221,665.0,48,36.69172932330827,30.225563909774436,33.08270676691729,,,,,,,,,,,,,,,FIRST DISTRICT
616,BULLOCH COUNTY,783.0,33.971902937420175,66.02809706257982,783.0,500.55300127713923,55.21311362504955,34.22733077905492,31.673052362707534,28.480204342273307,5.61941251596424,65.77266922094508,34.099616858237546,734.0,56,30.653950953678475,30.108991825613078,39.237057220708444,,,,,,,,,,,,,,,FIRST DISTRICT
617,BURKE COUNTY,273.0,42.124542124542124,57.875457875457876,273.0,487.2307692307692,56.65304822605018,43.956043956043956,31.501831501831504,21.611721611721613,2.93040293040293,56.043956043956044,24.542124542124544,268.0,51,33.208955223880594,30.223880597014926,36.56716417910448,,,,,,,,,,,,,,,CENTRAL SAVANNAH RIV
618,BUTTS COUNTY,221.0,38.914027149321264,61.085972850678736,221.0,494.0995475113122,50.70143488890946,38.46153846153846,35.294117647058826,23.076923076923077,3.167420814479638,61.53846153846154,26.244343891402714,212.0,42,41.509433962264154,33.490566037735846,25,,,,,,,,,,,,,,,GRIFFIN
619,CALHOUN COUNTY,26.0,76.92307692307692,23.076923076923077,26.0,454.6923076923077,34.6164922899698,76.92307692307692,19.23076923076923,3.8461538461538463,0,23.076923076923077,3.8461538461538463,26.0,49,30.76923076923077,50,19.23076923076923,,,,,,,,,,,,,,,SOUTHWEST GEORGIA
620,CAMDEN COUNTY,637.0,24.175824175824175,75.82417582417582,637.0,519.1679748822606,55.58950834634221,21.82103610675039,32.967032967032964,35.32182103610675,9.89010989010989,78.1789638932496,45.21193092621664,582.0,39,45.876288659793815,31.27147766323024,22.852233676975946,,,,,,,,,,,,,,,OKEFENOKEE
621,CANDLER COUNTY,180.0,39.44444444444444,60.55555555555556,180.0,493.3333333333333,53.96791929330944,35,35.55555555555556,25.555555555555557,3.888888888888889,65,29.444444444444443,177.0,62,28.24858757062147,26.55367231638418,45.19774011299435,,,,,,,,,,,,,,,FIRST DISTRICT
622,CARROLL COUNTY,1215.0,30.123456790123456,69.87654320987654,1215.0,507.7012345679012,54.86150413574495,28.395061728395063,32.181069958847736,33.08641975308642,6.337448559670782,71.60493827160494,39.4238683127572,1150.0,43,39.47826086956522,32.34782608695652,28.17391304347826,,,,,,,,,,,,,,,WEST GEORGIA
623,CATOOSA COUNTY,711.0,28.973277074542896,71.02672292545711,711.0,513.1322081575246,58.56422467580125,26.019690576652604,30.661040787623065,33.614627285513365,9.70464135021097,73.98030942334739,43.319268635724335,662.0,59,25.377643504531722,31.419939577039276,43.202416918429,,,,,,,,,,,,,,,NORTHWEST GEORGIA
624,CHARLTON COUNTY,126.0,33.333333333333336,66.66666666666667,126.0,508,54.35527573290378,27.77777777777778,38.888888888888886,24.603174603174605,8.73015873015873,72.22222222222223,33.333333333333336,115.0,50,39.130434782608695,30.434782608695652,30.434782608695652,,,,,,,,,,,,,,,OKEFENOKEE
625,SAVANNAH-CHATHAM COUNTY,2483.0,40.23358840112767,59.76641159887233,2483.0,488.8574305275876,60.779444108273125,42.56947241240435,28.312525171163916,24.204591220298028,4.913411196133709,57.43052758759565,29.118002416431736,2186.0,59,27.17291857273559,28.911253430924063,43.91582799634035,,,,,,,,,,,,,,,FIRST DISTRICT
626,CHATTAHOOCHEE COUNTY,77.0,23.376623376623378,76.62337662337663,77.0,516.3246753246754,56.2296610149281,28.571428571428573,27.272727272727273,36.36363636363637,7.792207792207792,71.42857142857143,44.15584415584416,60.0,57,31.666666666666668,26.666666666666668,41.666666666666664,,,,,,,,,,,,,,,CHATTAHOOCHEE-FLINT
627,CHATTOOGA COUNTY,184.0,45.108695652173914,54.891304347826086,184.0,479.8423913043478,49.57989794855586,45.108695652173914,36.95652173913044,15.217391304347826,2.717391304347826,54.891304347826086,17.934782608695652,175.0,40,41.714285714285715,35.42857142857143,22.857142857142858,,,,,,,,,,,,,,,NORTHWEST GEORGIA
628,CHEROKEE COUNTY,3088.0,23.769430051813472,76.23056994818653,3088.0,521.3196243523316,60.003238036921914,21.664507772020727,28.303108808290155,37.88860103626943,12.143782383419689,78.33549222797927,50.03238341968912,2936.0,55,30.381471389645778,30.381471389645778,39.237057220708444,,,,,,,,,,,,,,,NORTH GEORGIA
629,CLARKE COUNTY,869.0,46.37514384349827,53.62485615650173,869.0,489.72382048331417,65.3924673725784,47.7560414269275,23.130034522439587,21.173762945914845,7.940161104718067,52.2439585730725,29.11392405063291,792.0,54,32.07070707070707,29.292929292929294,38.63636363636363,,,,,,,,,,,,,,,NORTHEAST GEORGIA
630,CLAY COUNTY,18.0,38.888888888888886,61.111111111111114,18.0,486.3888888888889,40.39385347664679,38.888888888888886,38.888888888888886,22.22222222222222,0,61.111111111111114,22.22222222222222,17.0,58,35.294117647058826,23.529411764705884,41.1764705882353,,,,,,,,,,,,,,,CHATTAHOOCHEE-FLINT
631,CLAYTON COUNTY,3743.0,44.99064921186214,55.00935078813786,3743.0,486.9190488912637,55.712134422557966,44.536468073737645,31.3117819930537,20.304568527918782,3.8471814052898745,55.463531926262355,24.151749933208656,3482.0,54,30.815623205054568,30.241240666283744,38.94313612866169,,,,,,,,,,,,,,,METRO
632,CLINCH COUNTY,100.0,38,62,100.0,501.86,49.11685098319162,29,36,31,4,71,35,96.0,52,33.333333333333336,32.291666666666664,34.375,,,,,,,,,,,,,,,OKEFENOKEE
633,COBB COUNTY,7876.0,26.993397663788727,73.00660233621127,7876.0,517.9926358557643,63.6030583001128,25.507872016251905,27.590147282884715,34.73844591163027,12.163534789233113,74.49212798374809,46.90198070086338,7304.0,45,39.96440306681271,28.97042716319825,31.065169769989048,,,,,,,,,,,,,,,METRO
634,COFFEE COUNTY,530.0,45.84905660377358,54.15094339622642,530.0,490.0509433962264,55.36928141352478,42.075471698113205,30.37735849056604,23.0188679245283,4.528301886792453,57.924528301886795,27.547169811320753,512.0,42,41.6015625,32.2265625,26.171875,,,,,,,,,,,,,,,OKEFENOKEE
635,COLQUITT COUNTY,681.0,43.75917767988253,56.24082232011747,681.0,486.8898678414097,57.531100797334794,45.37444933920705,27.312775330396477,23.93538913362702,3.3773861967694567,54.62555066079295,27.312775330396477,648.0,49,38.117283950617285,27.469135802469136,34.41358024691358,,,,,,,,,,,,,,,COASTAL PLAINS
636,COLUMBIA COUNTY,2236.0,18.559928443649373,81.44007155635063,2236.0,528.9955277280859,58.34729761374155,17.57602862254025,26.788908765652952,42.665474060822895,12.9695885509839,82.42397137745975,55.635062611806795,2084.0,48,35.46065259117083,31.71785028790787,32.82149712092131,,,,,,,,,,,,,,,CENTRAL SAVANNAH RIV
637,COOK COUNTY,238.0,36.134453781512605,63.865546218487395,238.0,498.1848739495798,48.56670846455507,33.19327731092437,38.65546218487395,24.369747899159663,3.7815126050420167,66.80672268907563,28.15126050420168,227.0,52,28.19383259911894,35.68281938325991,36.12334801762115,,,,,,,,,,,,,,,COASTAL PLAINS
638,COWETA COUNTY,1650.0,29.333333333333332,70.66666666666667,1650.0,513.4054545454545,57.9926060766091,25.818181818181817,32.84848484848485,32.121212121212125,9.212121212121213,74.18181818181819,41.333333333333336,1562.0,45,39.052496798975675,30.53777208706786,30.409731113956465,,,,,,,,,,,,,,,WEST GEORGIA
639,CRAWFORD COUNTY,123.0,37.39837398373984,62.60162601626016,123.0,493.2845528455285,48.24213523351322,39.02439024390244,38.21138211382114,21.13821138211382,1.6260162601626016,60.97560975609756,22.764227642276424,117.0,47,35.8974358974359,32.47863247863248,31.623931623931625,,,,,,,,,,,,,,,MIDDLE GEORGIA
640,CRISP COUNTY,258.0,50.3875968992248,49.6124031007752,258.0,476.6666666666667,53.7060501099982,50,29.844961240310077,18.6046511627907,1.550387596899225,50,20.155038759689923,250.0,48,31.2,33.6,35.2,,,,,,,,,,,,,,,CHATTAHOOCHEE-FLINT
641,DADE COUNTY,146.0,34.24657534246575,65.75342465753425,146.0,510.24657534246575,50.50538539312493,30.82191780821918,28.08219178082192,33.56164383561644,7.534246575342466,69.17808219178082,41.0958904109589,128.0,42,38.28125,39.0625,22.65625,,,,,,,,,,,,,,,NORTHWEST GEORGIA
642,DAWSON COUNTY,285.0,30.87719298245614,69.12280701754386,285.0,509.0877192982456,56.43270974297631,27.719298245614034,34.3859649122807,29.82456140350877,8.070175438596491,72.28070175438596,37.89473684210526,270.0,42,41.111111111111114,33.7037037037037,25.185185185185187,,,,,,,,,,,,,,,PIONEER
643,DECATUR COUNTY,292.0,37.32876712328767,62.67123287671233,292.0,495.31849315068496,48.7134612434044,34.24657534246575,37.32876712328767,27.054794520547944,1.36986301369863,65.75342465753425,28.424657534246574,276.0,48.5,34.05797101449275,30.797101449275363,35.14492753623188,,,,,,,,,,,,,,,SOUTHWEST GEORGIA
644,DEKALB COUNTY,6710.0,40.38748137108793,59.61251862891207,6710.0,492.4135618479881,65.27831351386293,40.89418777943368,27.168405365126677,25.126676602086437,6.810730253353205,59.10581222056632,31.937406855439644,5914.0,53,32.11024687182956,29.945891105850524,37.94386202231992,,,,,,,,,,,,,,,METRO
645,DODGE COUNTY,202.0,42.07920792079208,57.92079207920792,202.0,486.5495049504951,51.94170119602159,39.10891089108911,35.64356435643565,22.277227722772277,2.9702970297029703,60.89108910891089,25.247524752475247,195.0,42,43.58974358974359,32.82051282051282,23.58974358974359,,,,,,,,,,,,,,,HEART OF GEORGIA
646,DOOLY COUNTY,77.0,53.246753246753244,46.753246753246756,77.0,478.54545454545456,50.98723923290318,48.05194805194805,33.76623376623377,15.584415584415584,2.5974025974025974,51.94805194805195,18.181818181818183,74.0,51,32.432432432432435,31.08108108108108,36.486486486486484,,,,,,,,,,,,,,,CHATTAHOOCHEE-FLINT
647,DOUGHERTY COUNTY,968.0,43.59504132231405,56.40495867768595,968.0,486.4070247933884,56.28463665056975,43.90495867768595,30.06198347107438,23.140495867768596,2.8925619834710745,56.09504132231405,26.03305785123967,909.0,52,29.812981298129813,33.55335533553355,36.633663366336634,,,,,,,,,,,,,,,SOUTHWEST GEORGIA
648,DOUGLAS COUNTY,1997.0,36.85528292438658,63.14471707561342,1997.0,501.79719579369055,57.01208809125724,33.50025037556335,31.797696544817224,28.392588883324986,6.309464196294441,66.49974962443666,34.70205307961943,1863.0,47,38.00322061191626,30.649490069779926,31.34728931830381,,,,,,,,,,,,,,,METRO
649,EARLY COUNTY,112.0,50.892857142857146,49.107142857142854,112.0,477.70535714285717,51.51360152633129,49.107142857142854,33.035714285714285,16.071428571428573,1.7857142857142858,50.892857142857146,17.857142857142858,109.0,47,38.53211009174312,35.77981651376147,25.68807339449541,,,,,,,,,,,,,,,SOUTHWEST GEORGIA
650,ECHOLS COUNTY,68.0,25,75,68.0,504.75,54.03408957150008,25,36.76470588235294,35.294117647058826,2.9411764705882355,75,38.23529411764706,60.0,51,36.666666666666664,30,33.333333333333336,,,,,,,,,,,,,,,COASTAL PLAINS
651,EFFINGHAM COUNTY,1018.0,19.44990176817289,80.5500982318271,1018.0,518.5933202357564,53.44190308628964,21.807465618860512,31.041257367387033,38.80157170923379,8.349705304518665,78.1925343811395,47.151277013752456,947.0,45,38.43717001055966,33.89651531151003,27.666314677930306,,,,,,,,,,,,,,,FIRST DISTRICT
652,ELBERT COUNTY,204.0,47.05882352941177,52.94117647058823,204.0,492.078431372549,56.491105934864066,41.1764705882353,31.862745098039216,19.607843137254903,7.352941176470588,58.8235294117647,26.96078431372549,196.0,55,30.612244897959183,30.102040816326532,39.285714285714285,,,,,,,,,,,,,,,NORTHEAST GEORGIA
653,EMANUEL COUNTY,285.0,47.36842105263158,52.63157894736842,285.0,483.4035087719298,53.26285457789524,45.26315789473684,34.73684210526316,16.842105263157894,3.1578947368421053,54.73684210526316,20,262.0,38,45.038167938931295,34.35114503816794,20.610687022900763,,,,,,,,,,,,,,,CENTRAL SAVANNAH RIV
654,EVANS COUNTY,121.0,56.19834710743802,43.80165289256198,121.0,468.2396694214876,49.10703018125959,60.33057851239669,24.793388429752067,13.223140495867769,1.6528925619834711,39.66942148760331,14.87603305785124,112.0,65.5,24.107142857142858,25.892857142857142,50,,,,,,,,,,,,,,,FIRST DISTRICT
655,FANNIN COUNTY,218.0,38.53211009174312,61.46788990825688,218.0,504.70642201834863,56.86872307021447,33.48623853211009,25.229357798165136,35.77981651376147,5.504587155963303,66.5137614678899,41.28440366972477,204.0,47.5,33.8235294117647,39.21568627450981,26.96078431372549,,,,,,,,,,,,,,,PIONEER
656,FAYETTE COUNTY,1484.0,13.409703504043126,86.59029649595688,1484.0,546.4582210242587,58.01625327238054,11.253369272237197,21.765498652291104,46.3611859838275,20.619946091644206,88.7466307277628,66.98113207547169,1394.0,60,26.18364418938307,29.196556671449066,44.61979913916786,,,,,,,,,,,,,,,GRIFFIN
657,FLOYD COUNTY,636.0,27.358490566037737,72.64150943396227,636.0,512.6022012578617,55.040863229677804,24.371069182389938,34.119496855345915,32.704402515723274,8.80503144654088,75.62893081761007,41.509433962264154,613.0,53,31.810766721044047,33.278955954323,34.91027732463295,,,,,,,,,,,,,,,NORTHWEST GEORGIA
658,FORSYTH COUNTY,4344.0,15.930018416206261,84.06998158379373,4344.0,541.0948434622468,61.43331173004232,14.088397790055248,24.21731123388582,41.29834254143646,20.39594843462247,85.91160220994475,61.69429097605893,4099.0,47,37.08221517443279,30.446450353744815,32.471334471822395,,,,,,,,,,,,,,,METRO
659,FRANKLIN COUNTY,256.0,43.75,56.25,256.0,495.1796875,51.87933716808648,37.5,30.859375,27.34375,4.296875,62.5,31.640625,246.0,43.5,42.27642276422764,25.609756097560975,32.113821138211385,,,,,,,,,,,,,,,PIONEER
660,FULTON COUNTY,6335.0,22.794001578531965,77.20599842146804,6335.0,525.5456985003947,65.52152455511052,22.857142857142858,24.546172059984215,37.063930544593525,15.5327545382794,77.14285714285714,52.59668508287293,5826.0,52,32.646755921730175,31.75420528664607,35.599038791623755,,,,,,,,,,,,,,,METRO
661,GILMER COUNTY,307.0,27.035830618892508,72.9641693811075,307.0,508.8371335504886,54.31979431571624,26.384364820846905,33.876221498371336,34.20195439739414,5.537459283387622,73.61563517915309,39.73941368078176,290.0,55.5,26.551724137931036,35.172413793103445,38.275862068965516,,,,,,,,,,,,,,,NORTH GEORGIA
662,GLASCOCK COUNTY,37.0,40.54054054054054,59.45945945945946,37.0,493.97297297297297,49.736241250155736,32.432432432432435,40.54054054054054,24.324324324324323,2.7027027027027026,67.56756756756756,27.027027027027028,34.0,49.5,35.294117647058826,35.294117647058826,29.41176470588235,,,,,,,,,,,,,,,CENTRAL SAVANNAH RIV
663,GLYNN COUNTY,956.0,32.63598326359833,67.36401673640168,956.0,506.9194560669456,60.40306845398427,28.97489539748954,30.230125523012553,32.63598326359833,8.158995815899582,71.02510460251047,40.79497907949791,875.0,51,30.742857142857144,32.57142857142857,36.68571428571428,,,,,,,,,,,,,,,FIRST DISTRICT
664,GORDON COUNTY,430.0,29.069767441860463,70.93023255813954,430.0,515.3023255813954,56.56633166494841,25.348837209302324,32.7906976744186,32.7906976744186,9.069767441860465,74.65116279069767,41.86046511627907,410.0,53.5,34.146341463414636,25.365853658536587,40.48780487804878,,,,,,,,,,,,,,,NORTHWEST GEORGIA
665,GRADY COUNTY,317.0,39.43217665615142,60.56782334384858,317.0,493.2334384858044,53.76886556033828,35.33123028391167,35.01577287066246,25.86750788643533,3.7854889589905363,64.66876971608833,29.652996845425868,301.0,52,32.55813953488372,35.21594684385382,32.22591362126246,,,,,,,,,,,,,,,SOUTHWEST GEORGIA
666,GREENE COUNTY,166.0,29.518072289156628,70.48192771084338,166.0,514.9036144578313,56.53748865328345,28.313253012048193,24.698795180722893,37.34939759036145,9.63855421686747,71.6867469879518,46.98795180722892,163.0,48,30.67484662576687,39.263803680981596,30.061349693251532,,,,,,,,,,,,,,,NORTHEAST GEORGIA
667,GWINNETT COUNTY,13906.0,24.723141090176902,75.2768589098231,13906.0,518.6404429742557,65.53834280170021,26.00316410182655,25.11146267798073,36.02042283906228,12.864950381130447,73.99683589817344,48.885373220192726,12827.0,55,29.531457082716145,30.981523349185313,39.48701956809854,,,,,,,,,,,,,,,METRO
668,HABERSHAM COUNTY,526.0,26.99619771863118,73.00380228136882,526.0,515.9961977186312,55.8756781980008,24.524714828897338,28.326996197718632,39.35361216730038,7.79467680608365,75.47528517110266,47.148288973384034,495.0,57,28.88888888888889,32.323232323232325,38.78787878787879,,,,,,,,,,,,,,,PIONEER
669,HALL COUNTY,1978.0,35.79373104145601,64.20626895854399,1978.0,501.0540950455005,56.59792259079292,33.46814964610718,32.20424671385238,28.46309403437816,5.864509605662285,66.53185035389282,34.327603640040444,1869.0,52,32.316746923488495,31.086142322097377,36.597110754414125,,,,,,,,,,,,,,,PIONEER
670,HANCOCK COUNTY,46.0,52.17391304347826,47.82608695652174,46.0,470.17391304347825,48.80951835580437,47.82608695652174,43.47826086956522,8.695652173913043,0,52.17391304347826,8.695652173913043,45.0,46,33.333333333333336,33.333333333333336,33.333333333333336,,,,,,,,,,,,,,,OCONEE
671,HARALSON COUNTY,231.0,35.93073593073593,64.06926406926407,231.0,502.1515151515151,51.76425226844991,32.03463203463203,31.16883116883117,33.333333333333336,3.463203463203463,67.96536796536796,36.7965367965368,217.0,43,40.09216589861751,32.71889400921659,27.1889400921659,,,,,,,,,,,,,,,NORTHWEST GEORGIA
672,HARRIS COUNTY,429.0,16.317016317016318,83.68298368298369,429.0,531.9044289044289,52.33923051051129,11.888111888111888,29.13752913752914,49.184149184149184,9.79020979020979,88.1118881118881,58.97435897435897,403.0,71,16.377171215880892,25.062034739454095,58.56079404466501,,,,,,,,,,,,,,,WEST GEORGIA
673,HART COUNTY,288.0,31.944444444444443,68.05555555555556,288.0,506.91319444444446,60.38998780173565,30.90277777777778,30.208333333333332,30.208333333333332,8.680555555555555,69.09722222222223,38.888888888888886,278.0,50,34.53237410071942,30.93525179856115,34.53237410071942,,,,,,,,,,,,,,,PIONEER
674,HEARD COUNTY,135.0,30.37037037037037,69.62962962962963,135.0,515.0222222222222,53.12692021697937,25.185185185185187,34.074074074074076,34.074074074074076,6.666666666666667,74.81481481481481,40.74074074074074,131.0,41,43.51145038167939,28.244274809160306,28.244274809160306,,,,,,,,,,,,,,,WEST GEORGIA
675,HENRY COUNTY,3304.0,35.62348668280872,64.37651331719128,3304.0,495.52633171912834,54.08520797043399,36.98547215496368,32.92978208232446,26.210653753026634,3.87409200968523,63.01452784503632,30.084745762711865,3069.0,48,36.298468556533074,31.182795698924732,32.5187357445422,,,,,,,,,,,,,,,GRIFFIN
676,HOUSTON COUNTY,2345.0,24.989339019189764,75.01066098081023,2345.0,519.6464818763326,58.18799682951984,22.81449893390192,30.831556503198293,35.18123667377399,11.1727078891258,77.18550106609808,46.353944562899784,2199.0,54,31.059572532969533,30.104592996816734,38.83583447021373,,,,,,,,,,,,,,,MIDDLE GEORGIA
677,IRWIN COUNTY,112.0,35.714285714285715,64.28571428571429,112.0,504.17857142857144,59.26915462390783,35.714285714285715,25,32.142857142857146,7.142857142857143,64.28571428571429,39.285714285714285,109.0,39,44.03669724770642,27.522935779816514,28.440366972477065,,,,,,,,,,,,,,,COASTAL PLAINS
678,JACKSON COUNTY,799.0,26.408010012515646,73.59198998748435,799.0,512.0563204005007,54.061582651402354,26.032540675844807,32.29036295369212,35.04380475594493,6.633291614518147,73.9674593241552,41.677096370463076,742.0,46,38.14016172506739,30.59299191374663,31.266846361185983,,,,,,,,,,,,,,,NORTHEAST GEORGIA
679,JASPER COUNTY,222.0,36.93693693693694,63.06306306306306,222.0,499,60.571860019685246,35.585585585585584,32.432432432432435,26.126126126126128,5.8558558558558556,64.41441441441441,31.98198198198198,216.0,43,37.03703703703704,36.574074074074076,26.38888888888889,,,,,,,,,,,,,,,MIDDLE GEORGIA
680,JEFF DAVIS COUNTY,203.0,29.064039408866996,70.93596059113301,203.0,502.8374384236453,54.027020901260606,29.55665024630542,35.960591133004925,30.049261083743843,4.433497536945813,70.44334975369458,34.48275862068966,195.0,55,28.71794871794872,34.35897435897436,36.92307692307692,,,,,,,,,,,,,,,FIRST DISTRICT
681,JEFFERSON COUNTY,135.0,57.03703703703704,42.96296296296296,135.0,476.3777777777778,57.9625286402186,52.592592592592595,28.14814814814815,14.074074074074074,5.185185185185185,47.407407407407405,19.25925925925926,135.0,46,33.333333333333336,34.074074074074076,32.592592592592595,,,,,,,,,,,,,,,CENTRAL SAVANNAH RIV
682,JENKINS COUNTY,94.0,34.04255319148936,65.95744680851064,94.0,496.29787234042556,52.30449101530978,34.04255319148936,29.78723404255319,34.04255319148936,2.127659574468085,65.95744680851064,36.170212765957444,91.0,34,50.54945054945055,30.76923076923077,18.681318681318682,,,,,,,,,,,,,,,CENTRAL SAVANNAH RIV
683,JOHNSON COUNTY,80.0,32.5,67.5,80.0,500.4875,42.702975839742365,32.5,31.25,36.25,0,67.5,36.25,75.0,60,16,42.666666666666664,41.333333333333336,,,,,,,,,,,,,,,OCONEE
684,JONES COUNTY,361.0,29.36288088642659,70.6371191135734,361.0,515.0775623268698,54.13280552531193,25.484764542936286,32.40997229916898,32.686980609418285,9.418282548476455,74.51523545706371,42.10526315789474,352.0,55.5,29.545454545454547,29.545454545454547,40.90909090909091,,,,,,,,,,,,,,,MIDDLE GEORGIA
685,LAMAR COUNTY,216.0,30.555555555555557,69.44444444444444,216.0,508.3888888888889,56.79098083213536,29.166666666666668,31.944444444444443,31.944444444444443,6.944444444444445,70.83333333333333,38.888888888888886,210.0,64.5,24.285714285714285,27.142857142857142,48.57142857142857,,,,,,,,,,,,,,,GRIFFIN
686,LANIER COUNTY,100.0,25,75,100.0,516.24,55.71176181059441,23,33,34,10,77,44,93.0,42,38.70967741935484,32.25806451612903,29.032258064516128,,,,,,,,,,,,,,,COASTAL PLAINS
687,LAURENS COUNTY,468.0,32.26495726495727,67.73504273504274,468.0,506.3269230769231,53.922955998906666,28.632478632478634,35.68376068376068,30.34188034188034,5.3418803418803416,71.36752136752136,35.68376068376068,449.0,49,33.4075723830735,33.630289532293986,32.962138084632514,,,,,,,,,,,,,,,HEART OF GEORGIA
688,LEE COUNTY,484.0,25.41322314049587,74.58677685950413,484.0,514.9979338842975,52.865918877336306,23.553719008264462,33.67768595041322,34.09090909090909,8.677685950413224,76.44628099173553,42.768595041322314,450.0,47,39.55555555555556,26,34.44444444444444,,,,,,,,,,,,,,,SOUTHWEST GEORGIA
689,LIBERTY COUNTY,778.0,38.688946015424165,61.311053984575835,778.0,492.97686375321337,56.40620263486456,37.53213367609254,31.876606683804628,26.34961439588689,4.241645244215938,62.46786632390746,30.591259640102827,614.0,47,38.11074918566775,30.13029315960912,31.758957654723126,,,,,,,,,,,,,,,FIRST DISTRICT
690,LINCOLN COUNTY,86.0,19.767441860465116,80.23255813953489,86.0,519.9302325581396,44.58060530496467,17.441860465116278,38.372093023255815,38.372093023255815,5.813953488372093,82.55813953488372,44.18604651162791,84.0,65,20.238095238095237,33.333333333333336,46.42857142857143,,,,,,,,,,,,,,,CENTRAL SAVANNAH RIV
691,LONG COUNTY,323.0,38.39009287925697,61.60990712074303,323.0,494.56656346749224,52.83647922516536,38.69969040247678,31.57894736842105,25.386996904024766,4.3343653250774,61.30030959752322,29.721362229102166,286.0,52.5,32.51748251748252,30.76923076923077,36.71328671328671,,,,,,,,,,,,,,,FIRST DISTRICT
692,LOWNDES COUNTY,760.0,17.36842105263158,82.63157894736842,760.0,532.271052631579,55.09180460224432,13.947368421052632,30.394736842105264,41.8421052631579,13.81578947368421,86.05263157894737,55.6578947368421,692.0,61,25.14450867052023,30.491329479768787,44.36416184971098,,,,,,,,,,,,,,,COASTAL PLAINS
693,LUMPKIN COUNTY,284.0,36.267605633802816,63.732394366197184,284.0,496.1830985915493,50.41476306838234,33.098591549295776,36.61971830985915,28.52112676056338,1.7605633802816902,66.90140845070422,30.281690140845072,270.0,28.5,55.18518518518518,24.814814814814813,20,,,,,,,,,,,,,,,PIONEER
694,MACON COUNTY,64.0,48.4375,51.5625,64.0,480.203125,49.54785395301401,45.3125,31.25,23.4375,0,54.6875,23.4375,58.0,58.5,20.689655172413794,39.6551724137931,39.6551724137931,,,,,,,,,,,,,,,CHATTAHOOCHEE-FLINT
695,MADISON COUNTY,361.0,38.50415512465374,61.49584487534626,361.0,499.53739612188366,56.56662112432748,34.903047091412745,32.686980609418285,26.31578947368421,6.094182825484765,65.09695290858726,32.40997229916898,351.0,38,46.15384615384615,27.635327635327634,26.210826210826212,,,,,,,,,,,,,,,NORTHEAST GEORGIA
696,MARION COUNTY,102.0,28.431372549019606,71.56862745098039,102.0,508.6862745098039,53.07438836986056,29.41176470588235,27.45098039215686,35.294117647058826,7.8431372549019605,70.58823529411765,43.13725490196079,98.0,50.5,39.795918367346935,26.53061224489796,33.673469387755105,,,,,,,,,,,,,,,CHATTAHOOCHEE-FLINT
697,MCDUFFIE COUNTY,239.0,30.96234309623431,69.0376569037657,239.0,495.163179916318,53.3784111138475,31.380753138075313,41.00418410041841,25.10460251046025,2.510460251046025,68.61924686192468,27.615062761506277,226.0,51,31.858407079646017,28.31858407079646,39.823008849557525,,,,,,,,,,,,,,,CENTRAL SAVANNAH RIV
698,MCINTOSH COUNTY,106.0,30.18867924528302,69.81132075471699,106.0,508.6981132075472,50.11893850039235,28.30188679245283,37.735849056603776,28.30188679245283,5.660377358490566,71.69811320754717,33.9622641509434,99.0,54,31.31313131313131,29.292929292929294,39.39393939393939,,,,,,,,,,,,,,,FIRST DISTRICT
699,MERIWETHER COUNTY,128.0,34.375,65.625,128.0,484.9921875,48.4762294364363,41.40625,40.625,16.40625,1.5625,58.59375,17.96875,126.0,45.5,38.095238095238095,29.365079365079364,32.53968253968254,,,,,,,,,,,,,,,WEST GEORGIA
700,MILLER COUNTY,60.0,30,70,60.0,510.93333333333334,48.80673288739214,26.666666666666668,31.666666666666668,33.333333333333336,8.333333333333334,73.33333333333333,41.666666666666664,58.0,57.5,25.862068965517242,36.206896551724135,37.93103448275862,,,,,,,,,,,,,,,SOUTHWEST GEORGIA
701,MITCHELL COUNTY,85.0,54.11764705882353,45.88235294117647,85.0,473.1294117647059,47.0402027235099,58.8235294117647,23.529411764705884,16.470588235294116,1.1764705882352942,41.1764705882353,17.647058823529413,81.0,39,43.20987654320987,37.03703703703704,19.753086419753085,,,,,,,,,,,,,,,SOUTHWEST GEORGIA
702,MONROE COUNTY,311.0,18.006430868167204,81.9935691318328,311.0,526.3215434083602,48.56986473309202,14.790996784565916,32.154340836012864,43.40836012861736,9.646302250803858,85.20900321543408,53.054662379421224,292.0,43,38.35616438356164,32.87671232876713,28.767123287671232,,,,,,,,,,,,,,,MIDDLE GEORGIA
703,MONTGOMERY COUNTY,61.0,31.147540983606557,68.85245901639344,61.0,496.2295081967213,49.973123924306535,36.0655737704918,40.98360655737705,18.0327868852459,4.918032786885246,63.9344262295082,22.950819672131146,61.0,39,45.90163934426229,32.78688524590164,21.311475409836067,,,,,,,,,,,,,,,HEART OF GEORGIA
704,MORGAN COUNTY,237.0,22.78481012658228,77.21518987341773,237.0,516.746835443038,55.255830665824455,21.09704641350211,36.28691983122363,32.91139240506329,9.70464135021097,78.90295358649789,42.61603375527426,230.0,54.5,29.130434782608695,34.78260869565217,36.08695652173913,,,,,,,,,,,,,,,NORTHEAST GEORGIA
705,MURRAY COUNTY,450.0,30.444444444444443,69.55555555555556,450.0,504.34444444444443,54.57520936159718,28.88888888888889,35.77777777777778,29.333333333333332,6,71.11111111111111,35.333333333333336,426.0,43,40.140845070422536,35.2112676056338,24.64788732394366,,,,,,,,,,,,,,,NORTH GEORGIA
706,MUSCOGEE COUNTY,2113.0,38.760056791292,61.239943208708,2113.0,491.35068622811167,56.01881423290809,40.74775201135826,30.76194983435873,24.42025556081401,4.070042593469001,59.25224798864174,28.49029815428301,1957.0,46,36.02452733776188,32.345426673479814,31.630045988758305,,,,,,,,,,,,,,,CHATTAHOOCHEE-FLINT
707,NEWTON COUNTY,1304.0,46.855828220858896,53.144171779141104,1304.0,483.02914110429447,53.649361103069,46.31901840490798,30.061349693251532,21.242331288343557,2.3773006134969323,53.68098159509202,23.619631901840492,1197.0,45,38.847117794486216,31.57894736842105,29.573934837092732,,,,,,,,,,,,,,,GRIFFIN
708,OCONEE COUNTY,642.0,9.813084112149532,90.18691588785046,642.0,553.1822429906542,56.450794190125755,8.255451713395638,19.937694704049843,48.13084112149533,23.67601246105919,91.74454828660436,71.80685358255452,616.0,49,35.55194805194805,31.98051948051948,32.467532467532465,,,,,,,,,,,,,,,NORTHEAST GEORGIA
709,OGLETHORPE COUNTY,190.0,32.10526315789474,67.89473684210526,190.0,502.9947368421053,52.740604857396455,27.36842105263158,38.94736842105263,28.42105263157895,5.2631578947368425,72.63157894736842,33.68421052631579,181.0,43,38.67403314917127,30.386740331491712,30.939226519337016,,,,,,,,,,,,,,,NORTHEAST GEORGIA
710,PAULDING COUNTY,2391.0,27.896277708071935,72.10372229192807,2391.0,513.534504391468,54.82859141509922,24.592220828105397,32.78962777080719,34.92262651610205,7.695524884985362,75.4077791718946,42.61815140108741,2265.0,51,33.99558498896247,30.94922737306843,35.0551876379691,,,,,,,,,,,,,,,NORTHWEST GEORGIA
711,PEACH COUNTY,291.0,47.766323024054984,52.233676975945016,291.0,486.53951890034364,51.303636206838256,42.955326460481096,31.95876288659794,22.68041237113402,2.4054982817869415,57.044673539518904,25.085910652920962,274.0,43,41.24087591240876,33.21167883211679,25.547445255474454,,,,,,,,,,,,,,,MIDDLE GEORGIA
712,PICKENS COUNTY,316.0,50.63291139240506,49.36708860759494,316.0,485.6487341772152,53.16825671584624,47.151898734177216,26.89873417721519,23.734177215189874,2.2151898734177213,52.848101265822784,25.949367088607595,298.0,30,55.033557046979865,26.845637583892618,18.120805369127517,,,,,,,,,,,,,,,NORTH GEORGIA
713,PIERCE COUNTY,264.0,14.772727272727273,85.22727272727273,264.0,529.0227272727273,51.53926716062089,13.636363636363637,30.681818181818183,46.59090909090909,9.090909090909092,86.36363636363636,55.68181818181818,248.0,54,31.85483870967742,30.64516129032258,37.5,,,,,,,,,,,,,,,OKEFENOKEE
714,PIKE COUNTY,244.0,22.131147540983605,77.8688524590164,244.0,512.2377049180328,50.91113104073338,21.721311475409838,38.52459016393443,34.42622950819672,5.327868852459017,78.27868852459017,39.75409836065574,236.0,49,36.016949152542374,32.6271186440678,31.35593220338983,,,,,,,,,,,,,,,GRIFFIN
715,POLK COUNTY,569.0,44.112478031634446,55.887521968365554,569.0,491.2355008787346,54.70961181358074,38.840070298769774,33.74340949033392,23.022847100175746,4.393673110720562,61.159929701230226,27.41652021089631,549.0,38,45.17304189435337,29.872495446265937,24.95446265938069,,,,,,,,,,,,,,,NORTHWEST GEORGIA
716,PULASKI COUNTY,96.0,50,50,96.0,488.1041666666667,48.47733690068439,41.666666666666664,31.25,25,2.0833333333333335,58.333333333333336,27.083333333333332,91.0,49,36.26373626373626,29.67032967032967,34.065934065934066,,,,,,,,,,,,,,,HEART OF GEORGIA
717,PUTNAM COUNTY,205.0,30.24390243902439,69.7560975609756,205.0,498.1658536585366,48.25800558271773,30.73170731707317,41.951219512195124,23.902439024390244,3.4146341463414633,69.26829268292683,27.317073170731707,194.0,52.5,28.8659793814433,35.56701030927835,35.56701030927835,,,,,,,,,,,,,,,OCONEE
718,QUITMAN COUNTY,11.0,,,11.0,,,,,,,,,10.0,,,,,,,,,,,,,,,,,,,CHATTAHOOCHEE-FLINT
719,RABUN COUNTY,174.0,21.264367816091955,78.73563218390805,174.0,511.45402298850576,46.04365434138884,21.264367816091955,36.206896551724135,38.50574712643678,4.022988505747127,78.73563218390805,42.52873563218391,163.0,46,36.809815950920246,29.447852760736197,33.74233128834356,,,,,,,,,,,,,,,PIONEER
720,RANDOLPH COUNTY,44.0,63.63636363636363,36.36363636363637,44.0,460.27272727272725,50.65724477508579,72.72727272727273,11.363636363636363,15.909090909090908,0,27.272727272727273,15.909090909090908,42.0,35,50,16.666666666666668,33.333333333333336,,,,,,,,,,,,,,,CHATTAHOOCHEE-FLINT
721,RICHMOND COUNTY,2065.0,47.99031476997579,52.00968523002421,2065.0,479,54.861594705617264,51.67070217917676,26.537530266343826,18.7409200968523,3.0508474576271185,48.32929782082324,21.791767554479417,1878.0,47,37.69968051118211,30.670926517571885,31.629392971246006,,,,,,,,,,,,,,,CENTRAL SAVANNAH RIV
722,ROCKDALE COUNTY,1163.0,34.22184006878762,65.77815993121239,1163.0,500.11263972484954,55.15581312372348,34.393809114359414,32.67411865864145,27.60103181427343,5.331040412725709,65.60619088564059,32.93207222699914,1078.0,52.5,31.818181818181817,32.83858998144712,35.34322820037106,,,,,,,,,,,,,,,METRO
723,SCHLEY COUNTY,99.0,17.171717171717173,82.82828282828282,99.0,524.4545454545455,53.42900548472897,16.161616161616163,36.36363636363637,35.35353535353536,12.121212121212121,83.83838383838383,47.474747474747474,94.0,45.5,31.914893617021278,36.170212765957444,31.914893617021278,,,,,,,,,,,,,,,CHATTAHOOCHEE-FLINT
724,SCREVEN COUNTY,142.0,49.29577464788732,50.70422535211268,142.0,485.556338028169,51.99325169631007,47.88732394366197,28.169014084507044,20.422535211267604,3.5211267605633805,52.11267605633803,23.943661971830984,131.0,41,42.74809160305343,33.587786259541986,23.66412213740458,,,,,,,,,,,,,,,FIRST DISTRICT
725,SEMINOLE COUNTY,109.0,39.44954128440367,60.55045871559633,109.0,491.3302752293578,54.706295772477304,38.53211009174312,33.944954128440365,24.770642201834864,2.7522935779816513,61.46788990825688,27.522935779816514,106.0,45.5,34.905660377358494,33.9622641509434,31.132075471698112,,,,,,,,,,,,,,,SOUTHWEST GEORGIA
726,GRIFFIN-SPALDING COUNTY,646.0,45.975232198142415,54.024767801857585,646.0,486.6888544891641,54.79705276622146,45.6656346749226,30.959752321981423,19.040247678018577,4.3343653250774,54.3343653250774,23.374613003095977,612.0,48.5,34.47712418300654,34.150326797385624,31.372549019607842,,,,,,,,,,,,,,,GRIFFIN
727,STEPHENS COUNTY,284.0,38.028169014084504,61.971830985915496,284.0,496.0845070422535,50.68631347771385,34.15492957746479,37.32394366197183,23.943661971830984,4.577464788732394,65.84507042253522,28.52112676056338,275.0,46,38.18181818181818,34.90909090909091,26.90909090909091,,,,,,,,,,,,,,,PIONEER
728,STEWART COUNTY,38.0,36.8421052631579,63.1578947368421,38.0,495.13157894736844,55.52996320596442,31.57894736842105,36.8421052631579,26.31578947368421,5.2631578947368425,68.42105263157895,31.57894736842105,38.0,47.5,34.21052631578947,34.21052631578947,31.57894736842105,,,,,,,,,,,,,,,CHATTAHOOCHEE-FLINT
729,SUMTER COUNTY,278.0,50.719424460431654,49.280575539568346,278.0,473.2482014388489,47.384359485270146,55.03597122302158,28.41726618705036,15.467625899280575,1.079136690647482,44.96402877697842,16.546762589928058,258.0,46,41.47286821705426,24.41860465116279,34.10852713178294,,,,,,,,,,,,,,,CHATTAHOOCHEE-FLINT
730,TALBOT COUNTY,31.0,58.064516129032256,41.935483870967744,31.0,472.6774193548387,47.45410912785403,48.38709677419355,41.935483870967744,9.67741935483871,0,51.61290322580645,9.67741935483871,27.0,50,22.22222222222222,33.333333333333336,44.44444444444444,,,,,,,,,,,,,,,CHATTAHOOCHEE-FLINT
731,TALIAFERRO COUNTY,19.0,42.10526315789474,57.89473684210526,19.0,500.89473684210526,52.372485075490324,36.8421052631579,31.57894736842105,26.31578947368421,5.2631578947368425,63.1578947368421,31.57894736842105,19.0,45,31.57894736842105,31.57894736842105,36.8421052631579,,,,,,,,,,,,,,,CENTRAL SAVANNAH RIV
732,TATTNALL COUNTY,253.0,37.54940711462451,62.45059288537549,253.0,495.901185770751,55.561796343117656,39.130434782608695,30.039525691699605,24.90118577075099,5.928853754940712,60.869565217391305,30.8300395256917,240.0,48,34.583333333333336,32.916666666666664,32.5,,,,,,,,,,,,,,,FIRST DISTRICT
733,TAYLOR COUNTY,80.0,47.5,52.5,80.0,491.2,60.0062022110837,41.25,27.5,28.75,2.5,58.75,31.25,78.0,43.5,35.8974358974359,34.61538461538461,29.487179487179485,,,,,,,,,,,,,,,CHATTAHOOCHEE-FLINT
734,TELFAIR COUNTY,106.0,33.9622641509434,66.0377358490566,106.0,499.9811320754717,49.19600857446251,34.905660377358494,30.18867924528302,32.075471698113205,2.830188679245283,65.09433962264151,34.905660377358494,94.0,39,44.680851063829785,30.851063829787233,24.46808510638298,,,,,,,,,,,,,,,HEART OF GEORGIA
735,TERRELL COUNTY,75.0,37.333333333333336,62.666666666666664,75.0,497.3466666666667,48.994068403621455,29.333333333333332,44,25.333333333333332,1.3333333333333333,70.66666666666667,26.666666666666668,65.0,56,24.615384615384617,32.30769230769231,43.07692307692308,,,,,,,,,,,,,,,SOUTHWEST GEORGIA
736,THOMAS COUNTY,412.0,38.10679611650485,61.89320388349515,412.0,498.126213592233,55.75601692282029,36.650485436893206,30.097087378640776,26.941747572815533,6.310679611650485,63.349514563106794,33.25242718446602,392.0,46,37.755102040816325,30.867346938775512,31.377551020408163,,,,,,,,,,,,,,,SOUTHWEST GEORGIA
737,TIFT COUNTY,526.0,39.543726235741445,60.456273764258555,526.0,498.75475285171103,56.62110263039442,36.50190114068441,31.1787072243346,26.425855513307983,5.893536121673004,63.49809885931559,32.31939163498099,499.0,50,33.86773547094188,31.2625250501002,34.86973947895792,,,,,,,,,,,,,,,COASTAL PLAINS
738,TOOMBS COUNTY,238.0,35.714285714285715,64.28571428571429,238.0,496.6386554621849,54.22989523708386,33.61344537815126,36.97478991596638,24.789915966386555,4.621848739495798,66.38655462184875,29.41176470588235,230.0,39,44.34782608695652,31.304347826086957,24.347826086956523,,,,,,,,,,,,,,,FIRST DISTRICT
739,TOWNS COUNTY,69.0,1.4492753623188406,98.55072463768116,69.0,533.5072463768116,46.04493431561806,7.246376811594203,37.68115942028985,46.3768115942029,8.695652173913043,92.7536231884058,55.072463768115945,65.0,56,29.23076923076923,30.76923076923077,40,,,,,,,,,,,,,,,PIONEER
740,TREUTLEN COUNTY,72.0,29.166666666666668,70.83333333333333,72.0,499.125,45.73836725809767,30.555555555555557,34.72222222222222,34.72222222222222,0,69.44444444444444,34.72222222222222,67.0,49,26.865671641791046,44.776119402985074,28.35820895522388,,,,,,,,,,,,,,,HEART OF GEORGIA
741,TROUP COUNTY,932.0,38.8412017167382,61.1587982832618,932.0,492.35729613733906,56.242187860773704,39.8068669527897,29.935622317596568,26.609442060085836,3.648068669527897,60.1931330472103,30.257510729613735,871.0,48,37.54305396096441,30.08036739380023,32.37657864523536,,,,,,,,,,,,,,,WEST GEORGIA
742,TURNER COUNTY,76.0,59.21052631578947,40.78947368421053,76.0,469.25,47.10870407897038,56.578947368421055,26.31578947368421,17.105263157894736,0,43.421052631578945,17.105263157894736,71.0,33,50.70422535211268,32.394366197183096,16.901408450704224,,,,,,,,,,,,,,,COASTAL PLAINS
743,TWIGGS COUNTY,43.0,62.7906976744186,37.2093023255814,43.0,464.74418604651163,48.24051499333009,55.81395348837209,34.883720930232556,9.30232558139535,0,44.18604651162791,9.30232558139535,39.0,30,53.84615384615385,30.76923076923077,15.384615384615385,,,,,,,,,,,,,,,MIDDLE GEORGIA
744,UNION COUNTY,216.0,23.61111111111111,76.38888888888889,216.0,513.4907407407408,54.860668398436175,22.685185185185187,36.574074074074076,30.09259259259259,10.648148148148149,77.31481481481481,40.74074074074074,202.0,39.5,42.07920792079208,34.15841584158416,23.762376237623762,,,,,,,,,,,,,,,PIONEER
745,THOMASTON-UPSON COUNTY,302.0,44.03973509933775,55.96026490066225,302.0,486.3774834437086,48.989081666730186,41.72185430463576,33.11258278145695,23.178807947019866,1.9867549668874172,58.27814569536424,25.165562913907284,292.0,40,44.863013698630134,30.82191780821918,24.315068493150687,,,,,,,,,,,,,,,GRIFFIN
746,WALKER COUNTY,562.0,29.715302491103202,70.2846975088968,562.0,507.48932384341634,50.3005306093051,26.156583629893237,37.36654804270463,31.494661921708186,4.98220640569395,73.84341637010677,36.47686832740214,515.0,49,34.75728155339806,32.42718446601942,32.81553398058252,,,,,,,,,,,,,,,NORTHWEST GEORGIA
747,WALTON COUNTY,1082.0,27.726432532347506,72.2735674676525,1082.0,513.1940850277265,59.0032003564831,26.432532347504623,31.423290203327173,32.07024029574861,10.073937153419593,73.56746765249538,42.144177449168204,1028.0,46,36.86770428015564,30.35019455252918,32.782101167315176,,,,,,,,,,,,,,,NORTHEAST GEORGIA
748,WARE COUNTY,443.0,36.3431151241535,63.6568848758465,443.0,493.7088036117382,48.91472484780484,35.214446952595935,38.37471783295711,23.25056433408578,3.160270880361174,64.78555304740406,26.41083521444695,416.0,41,43.99038461538461,31.971153846153847,24.03846153846154,,,,,,,,,,,,,,,OKEFENOKEE
749,WARREN COUNTY,46.0,32.608695652173914,67.3913043478261,46.0,489.19565217391306,36.772948732106144,30.434782608695652,58.69565217391305,10.869565217391305,0,69.56521739130434,10.869565217391305,45.0,54,24.444444444444443,46.666666666666664,28.88888888888889,,,,,,,,,,,,,,,CENTRAL SAVANNAH RIV
750,WASHINGTON COUNTY,193.0,43.005181347150256,56.994818652849744,193.0,486.55440414507774,48.582172589575634,40.932642487046635,36.78756476683938,19.17098445595855,3.1088082901554404,59.067357512953365,22.27979274611399,189.0,52,35.44973544973545,28.571428571428573,35.97883597883598,,,,,,,,,,,,,,,OCONEE
751,WAYNE COUNTY,378.0,31.746031746031747,68.25396825396825,378.0,496.45238095238096,55.566664692828745,35.97883597883598,29.894179894179896,31.21693121693122,2.9100529100529102,64.02116402116403,34.12698412698413,352.0,49.5,32.38636363636363,32.95454545454545,34.65909090909091,,,,,,,,,,,,,,,FIRST DISTRICT
752,WEBSTER COUNTY,24.0,33.333333333333336,66.66666666666667,24.0,484.375,50.608310453487,41.666666666666664,29.166666666666668,29.166666666666668,0,58.333333333333336,29.166666666666668,23.0,52,39.130434782608695,17.391304347826086,43.47826086956522,,,,,,,,,,,,,,,CHATTAHOOCHEE-FLINT
753,WHEELER COUNTY,60.0,33.333333333333336,66.66666666666667,60.0,505.4166666666667,45.869487538075354,21.666666666666668,43.333333333333336,30,5,78.33333333333333,35,58.0,35.5,46.55172413793103,32.758620689655174,20.689655172413794,,,,,,,,,,,,,,,HEART OF GEORGIA
754,WHITE COUNTY,292.0,24.315068493150687,75.68493150684931,292.0,515.7842465753424,51.32523503089678,20.54794520547945,33.56164383561644,38.35616438356164,7.534246575342466,79.45205479452055,45.89041095890411,283.0,49,38.51590106007067,28.975265017667844,32.50883392226148,,,,,,,,,,,,,,,PIONEER
755,WHITFIELD COUNTY,897.0,35.22853957636566,64.77146042363434,897.0,503.69565217391306,53.76687767662512,29.54292084726867,35.11705685618729,30.434782608695652,4.9052396878483835,70.45707915273132,35.340022296544035,856.0,48,37.5,30.60747663551402,31.89252336448598,,,,,,,,,,,,,,,NORTH GEORGIA
756,WILCOX COUNTY,79.0,48.10126582278481,51.89873417721519,79.0,490.7974683544304,52.71509776117401,43.037974683544306,31.645569620253166,22.78481012658228,2.5316455696202533,56.962025316455694,25.31645569620253,77.0,46,41.55844155844156,32.467532467532465,25.974025974025974,,,,,,,,,,,,,,,HEART OF GEORGIA
757,WILKES COUNTY,91.0,43.956043956043956,56.043956043956044,91.0,481.1098901098901,47.18296551121206,49.45054945054945,28.571428571428573,21.978021978021978,0,50.54945054945055,21.978021978021978,87.0,47,39.08045977011494,31.03448275862069,29.885057471264368,,,,,,,,,,,,,,,CENTRAL SAVANNAH RIV
758,WILKINSON COUNTY,80.0,36.25,63.75,80.0,488.6125,47.75610339414644,35,43.75,18.75,2.5,65,21.25,77.0,49,29.87012987012987,31.16883116883117,38.96103896103896,,,,,,,,,,,,,,,OCONEE
759,WORTH COUNTY,200.0,40.5,59.5,200.0,493.07,51.61662990172897,41.5,32.5,22,4,58.5,26,191.0,39,48.167539267015705,27.225130890052355,24.607329842931936,,,,,,,,,,,,,,,SOUTHWEST GEORGIA
761,ATLANTA PUBLIC SCHOOLS,3622.0,40.585311982330204,59.414688017669796,3622.0,494.52484815019324,63.4269455920584,40.83379348426284,27.88514632799558,23.90944229707344,7.371617890668139,59.16620651573716,31.28106018774158,3417.0,48,35.32338308457712,31.401814457126132,33.274802458296755,,,,,,,,,,,,,,,METRO
763,BREMEN CITY,167.0,20.35928143712575,79.64071856287426,167.0,533.688622754491,56.644622900267066,14.970059880239521,26.347305389221557,46.10778443113772,12.574850299401197,85.02994011976048,58.68263473053892,166.0,37.5,45.78313253012048,27.710843373493976,26.50602409638554,,,,,,,,,,,,,,,NORTHWEST GEORGIA
764,BUFORD CITY,487.0,14.989733059548255,85.01026694045174,487.0,540.1540041067761,58.989143342551166,12.731006160164272,25.66735112936345,43.94250513347023,17.659137577002053,87.26899383983573,61.60164271047228,465.0,51,33.11827956989247,32.68817204301075,34.193548387096776,,,,,,,,,,,,,,,METRO
765,CALHOUN CITY,289.0,30.103806228373703,69.8961937716263,289.0,506.6782006920415,58.588106510869835,28.37370242214533,34.2560553633218,29.757785467128027,7.612456747404845,71.62629757785467,37.37024221453287,276.0,43.5,39.492753623188406,32.971014492753625,27.536231884057973,,,,,,,,,,,,,,,NORTHWEST GEORGIA
766,CARROLLTON CITY,421.0,29.928741092636578,70.07125890736341,421.0,510.5296912114014,64.15655849003568,31.59144893111639,25.41567695961995,31.59144893111639,11.401425178147269,68.40855106888361,42.99287410926366,408.0,46,35.049019607843135,32.84313725490196,32.1078431372549,,,,,,,,,,,,,,,WEST GEORGIA
767,CARTERSVILLE CITY,351.0,25.356125356125357,74.64387464387464,351.0,515.3361823361823,55.56119741804221,22.22222222222222,34.18803418803419,33.04843304843305,10.54131054131054,77.77777777777777,43.58974358974359,329.0,52,29.78723404255319,33.43465045592705,36.77811550151976,,,,,,,,,,,,,,,NORTHWEST GEORGIA
769,CHICKAMAUGA CITY,94.0,22.340425531914892,77.65957446808511,94.0,516.9574468085107,50.880613984430504,19.148936170212767,36.170212765957444,37.234042553191486,7.446808510638298,80.85106382978724,44.680851063829785,93.0,42,40.86021505376344,34.40860215053763,24.731182795698924,,,,,,,,,,,,,,,NORTHWEST GEORGIA
771,COMMERCE CITY,138.0,21.014492753623188,78.98550724637681,138.0,524.3985507246376,52.31663004156674,17.391304347826086,31.884057971014492,41.30434782608695,9.420289855072463,82.6086956521739,50.72463768115942,129.0,61,26.356589147286822,31.007751937984494,42.63565891472868,,,,,,,,,,,,,,,NORTHEAST GEORGIA
772,DALTON PUBLIC SCHOOLS,517.0,33.46228239845261,66.53771760154739,517.0,507.83365570599614,61.83206962483578,30.36750483558994,28.04642166344294,34.23597678916828,7.350096711798839,69.63249516441006,41.58607350096712,477.0,57,25.78616352201258,34.38155136268344,39.83228511530398,,,,,,,,,,,,,,,NORTHWEST GEORGIA
773,CITY SCHOOLS OF DECATUR,434.0,7.8341013824884795,92.16589861751152,434.0,558.552995391705,54.51052997213416,6.682027649769585,18.433179723502302,47.235023041474655,27.649769585253456,93.31797235023042,74.88479262672811,419.0,56,31.5035799522673,26.730310262529834,41.766109785202865,,,,,,,,,,,,,,,METRO
774,DUBLIN CITY,156.0,40.38461538461539,59.61538461538461,156.0,490.90384615384613,48.02469510523071,37.17948717948718,40.38461538461539,19.23076923076923,3.2051282051282053,62.82051282051282,22.435897435897434,148.0,65,18.91891891891892,33.108108108108105,47.972972972972975,,,,,,,,,,,,,,,HEART OF GEORGIA
776,GAINESVILLE CITY,584.0,44.863013698630134,55.136986301369866,584.0,485.37157534246575,59.124608479669824,44.69178082191781,28.424657534246574,23.116438356164384,3.767123287671233,55.30821917808219,26.883561643835616,534.0,53,32.95880149812734,32.02247191011236,35.0187265917603,,,,,,,,,,,,,,,PIONEER
779,JEFFERSON CITY,312.0,11.85897435897436,88.14102564102564,312.0,548.2948717948718,56.6989248267623,8.974358974358974,23.076923076923077,47.756410256410255,20.192307692307693,91.02564102564102,67.94871794871794,295.0,56,25.423728813559322,33.898305084745765,40.67796610169491,,,,,,,,,,,,,,,NORTHEAST GEORGIA
781,MARIETTA CITY,663.0,29.41176470588235,70.58823529411765,663.0,509.0241327300151,61.65004066023265,28.80844645550528,28.959276018099548,33.78582202111614,8.446455505279035,71.19155354449472,42.23227752639517,599.0,47,34.72454090150251,33.0550918196995,32.220367278797994,,,,,,,,,,,,,,,METRO
784,PELHAM CITY,108.0,41.666666666666664,58.333333333333336,108.0,491.97222222222223,42.91993378968458,39.81481481481482,37.96296296296296,20.37037037037037,1.8518518518518519,60.18518518518518,22.22222222222222,103.0,58,28.155339805825243,30.097087378640776,41.74757281553398,,,,,,,,,,,,,,,SOUTHWEST GEORGIA
785,ROME CITY,476.0,51.680672268907564,48.319327731092436,476.0,483.109243697479,58.21557612742359,48.319327731092436,27.310924369747898,19.537815126050422,4.831932773109243,51.680672268907564,24.369747899159663,445.0,32,52.58426966292135,27.415730337078653,20,,,,,,,,,,,,,,,NORTHWEST GEORGIA
786,SOCIAL CIRCLE CITY,144.0,29.166666666666668,70.83333333333333,144.0,504.96527777777777,50.4187240713729,29.166666666666668,36.80555555555556,31.25,2.7777777777777777,70.83333333333333,34.02777777777778,136.0,47,34.55882352941177,36.029411764705884,29.41176470588235,,,,,,,,,,,,,,,NORTHEAST GEORGIA
789,THOMASVILLE CITY,172.0,47.674418604651166,52.325581395348834,172.0,489.9186046511628,57.60131478280929,44.76744186046512,26.74418604651163,22.674418604651162,5.813953488372093,55.23255813953488,28.488372093023255,169.0,35,46.15384615384615,30.17751479289941,23.668639053254438,,,,,,,,,,,,,,,SOUTHWEST GEORGIA
791,TRION CITY,85.0,18.823529411764707,81.17647058823529,85.0,527.8823529411765,48.7753381684369,17.647058823529413,28.235294117647058,43.529411764705884,10.588235294117647,82.3529411764706,54.11764705882353,85.0,56,25.88235294117647,43.529411764705884,30.58823529411765,,,,,,,,,,,,,,,NORTHWEST GEORGIA
792,VALDOSTA CITY,584.0,48.45890410958904,51.54109589041096,584.0,481.53767123287673,49.82148529124618,49.14383561643836,28.595890410958905,20.89041095890411,1.36986301369863,50.85616438356164,22.26027397260274,519.0,44,39.30635838150289,32.947976878612714,27.745664739884393,,,,,,,,,,,,,,,COASTAL PLAINS
793,VIDALIA CITY,166.0,45.78313253012048,54.21686746987952,166.0,484.6385542168675,57.16400187726815,50.602409638554214,24.096385542168676,21.08433734939759,4.216867469879518,49.397590361445786,25.301204819277107,157.0,45,38.853503184713375,30.573248407643312,30.573248407643312,,,,,,,,,,,,,,,FIRST DISTRICT
799,STATE SCHOOLS,22.0,90.9090909090909,9.090909090909092,22.0,402.6363636363636,36.770259015295885,95.45454545454545,4.545454545454546,0,0,4.545454545454546,0,22.0,25,63.63636363636363,22.727272727272727,13.636363636363637,,,,,,,,,,,,,,,
891,DEPARTMENT OF JUVENILE JUSTICE,61.0,77.04918032786885,22.950819672131146,61.0,441.42622950819674,37.296764388882075,80.32786885245902,18.0327868852459,1.639344262295082,0,19.672131147540984,1.639344262295082,33.0,40,45.45454545454545,30.303030303030305,24.242424242424242,,,,,,,,,,,,,,,METRO
7820110,ODYSSEY CHARTER SCHOOL,22.0,22.727272727272727,77.27272727272727,22.0,522.4545454545455,50.49443842333839,22.727272727272727,27.272727272727273,45.45454545454545,4.545454545454546,77.27272727272727,50,21.0,50,28.571428571428573,38.095238095238095,33.333333333333336,,,,,,,,,,,,,,,WEST GEORGIA
7820120,GEORGIA CYBER ACADEMY,1011.0,31.75074183976261,68.24925816023739,1011.0,502.19287833827894,57.15680523678075,32.4431256181998,30.66271018793274,31.75074183976261,5.143422354104847,67.5568743818002,36.89416419386746,882.0,49,34.807256235827666,30.385487528344672,34.807256235827666,,,,,,,,,,,,,,,
7820121,UTOPIAN ACADEMY FOR THE ARTS CHARTE,112.0,30.357142857142858,69.64285714285714,112.0,492.10714285714283,46.926501308924834,36.607142857142854,36.607142857142854,24.107142857142858,2.6785714285714284,63.392857142857146,26.785714285714285,103.0,45,47.57281553398058,25.24271844660194,27.184466019417474,,,,,,,,,,,,,,,
7820212,CHEROKEE CHARTER ACADEMY,49.0,20.408163265306122,79.59183673469387,49.0,523.4489795918367,50.002525446425274,10.204081632653061,40.816326530612244,40.816326530612244,8.16326530612245,89.79591836734694,48.97959183673469,42.0,65.5,19.047619047619047,30.952380952380953,50,,,,,,,,,,,,,,,
7820412,GEORGIA CONNECTIONS ACADEMY,611.0,25.204582651391163,74.79541734860884,611.0,509.0736497545008,53.27315452505979,26.350245499181668,34.04255319148936,33.224222585924714,6.382978723404255,73.64975450081833,39.60720130932897,494.0,52,33.40080971659919,29.149797570850204,37.449392712550605,,,,,,,,,,,,,,,
7820612,IVY PREPARATORY ACADEMY INC,56.0,16.071428571428573,83.92857142857143,56.0,521.1071428571429,47.20118587548354,16.071428571428573,35.714285714285715,42.857142857142854,5.357142857142857,83.92857142857143,48.214285714285715,53.0,64,16.9811320754717,33.9622641509434,49.056603773584904,,,,,,,,,,,,,,,
7820614,INTERNATIONAL CHARTER SCHOOL OF ATL,62.0,3.225806451612903,96.7741935483871,62.0,552.483870967742,35.049726705739275,1.6129032258064515,16.129032258064516,70.96774193548387,11.290322580645162,98.38709677419355,82.25806451612904,62.0,52.5,37.096774193548384,22.580645161290324,40.32258064516129,,,,,,,,,,,,,,,
7820615,SCINTILLA CHARTER ACADEMY,70.0,20,80,70.0,530.1,52.98513600700819,15.714285714285714,28.571428571428573,41.42857142857143,14.285714285714286,84.28571428571429,55.714285714285715,68.0,57,22.058823529411764,45.588235294117645,32.35294117647059,,,,,,,,,,,,,,,
7820616,GEORGIA SCHOOL FOR INNOVATION AND T,84.0,15.476190476190476,84.52380952380952,84.0,525.6309523809524,44.878626077456026,16.666666666666668,32.142857142857146,44.04761904761905,7.142857142857143,83.33333333333333,51.19047619047619,80.0,60,33.75,22.5,43.75,,,,,,,,,,,,,,,
7820617,DUBOIS INTEGRITY ACADEMY,104.0,27.884615384615383,72.11538461538461,104.0,504.8269230769231,46.58585191029163,27.884615384615383,40.38461538461539,25,6.730769230769231,72.11538461538461,31.73076923076923,103.0,48,35.922330097087375,27.184466019417474,36.89320388349515,,,,,,,,,,,,,,,
7830103,STATESBORO STEAM ACADEMY,29.0,24.137931034482758,75.86206896551724,29.0,502.86206896551727,49.52612884552603,37.93103448275862,34.48275862068966,24.137931034482758,3.4482758620689653,62.06896551724138,27.586206896551722,29.0,65,34.48275862068966,17.24137931034483,48.275862068965516,,,,,,,,,,,,,,,
7830210,PATAULA CHARTER ACADEMY,43.0,34.883720930232556,65.11627906976744,43.0,491.3255813953488,37.75151900459015,30.232558139534884,46.51162790697674,23.25581395348837,0,69.76744186046511,23.25581395348837,43.0,40,44.18604651162791,30.232558139534884,25.58139534883721,,,,,,,,,,,,,,,
7830310,FULTON LEADERSHIP ACADEMY,34.0,26.470588235294116,73.52941176470588,34.0,510.29411764705884,53.29593162696142,26.470588235294116,32.35294117647059,38.23529411764706,2.9411764705882355,73.52941176470588,41.1764705882353,34.0,46.5,38.23529411764706,23.529411764705884,38.23529411764706,,,,,,,,,,,,,,,
7830410,ATLANTA HEIGHTS CHARTER SCHOOL,72.0,54.166666666666664,45.833333333333336,72.0,474.84722222222223,45.232314175779265,56.94444444444444,27.77777777777778,13.88888888888889,1.3888888888888888,43.05555555555556,15.277777777777779,69.0,43,37.68115942028985,40.57971014492754,21.73913043478261,,,,,,,,,,,,,,,
7830610,COWETA CHARTER ACADEMY,49.0,26.53061224489796,73.46938775510205,49.0,505.7551020408163,49.51831757552149,28.571428571428573,28.571428571428573,38.775510204081634,4.081632653061225,71.42857142857143,42.857142857142854,46.0,41.5,43.47826086956522,28.26086956521739,28.26086956521739,,,,,,,,,,,,,,,
7830611,CIRRUS CHARTER ACADEMY,55.0,45.45454545454545,54.54545454545455,55.0,477.8545454545455,43.469196493276065,47.27272727272727,38.18181818181818,14.545454545454545,0,52.72727272727273,14.545454545454545,52.0,57,25,38.46153846153846,36.53846153846154,,,,,,,,,,,,,,,
7830612,SOUTHWEST GEORGIA STEM CHARTER ACAD,44.0,25,75,44.0,513.3863636363636,50.32462798489603,18.181818181818183,34.09090909090909,40.90909090909091,6.818181818181818,81.81818181818181,47.72727272727273,43.0,63,23.25581395348837,30.232558139534884,46.51162790697674,,,,,,,,,,,,,,,CHATTAHOOCHEE-FLINT
7830613,BROOKHAVEN INNOVATION ACADEMY,42.0,26.19047619047619,73.80952380952381,42.0,531.7142857142857,54.92490914511647,21.428571428571427,21.428571428571427,40.476190476190474,16.666666666666668,78.57142857142857,57.142857142857146,42.0,70.5,9.523809523809524,33.333333333333336,57.142857142857146,,,,,,,,,,,,,,,
7830614,LIBERTY TECH CHARTER ACADEMY,46.0,23.91304347826087,76.08695652173913,46.0,528.3913043478261,60.85957543973925,21.73913043478261,30.434782608695652,28.26086956521739,19.565217391304348,78.26086956521739,47.82608695652174,43.0,59,27.906976744186046,30.232558139534884,41.86046511627907,,,,,,,,,,,,,,,
7830615,GENESIS INNOVATION ACADEMY FOR BOYS,39.0,25.641025641025642,74.35897435897436,39.0,501.64102564102564,46.69130831969255,28.205128205128204,35.8974358974359,33.333333333333336,2.5641025641025643,71.7948717948718,35.8974358974359,33.0,73,21.21212121212121,24.242424242424242,54.54545454545455,,,,,,,,,,,,,,,
7830616,GENESIS INNOVATION ACADEMY FOR GIRL,35.0,5.714285714285714,94.28571428571429,35.0,546.5428571428571,52.6617077408706,5.714285714285714,34.285714285714285,40,20,94.28571428571429,60,33.0,57,18.181818181818183,39.39393939393939,42.42424242424242,,,,,,,,,,,,,,,
7830618,SAIL CHARTER ACADEMY - SCHOOL FOR A,39.0,17.94871794871795,82.05128205128206,39.0,509.9230769230769,44.85848192716418,17.94871794871795,48.717948717948715,30.76923076923077,2.5641025641025643,82.05128205128206,33.333333333333336,35.0,43,40,31.428571428571427,28.571428571428573,,,,,,,,,,,,,,,
7830621,SLAM ACADEMY OF ATLANTA,15.0,20,80,15.0,492.46666666666664,32.106667457680736,33.333333333333336,53.333333333333336,13.333333333333334,0,66.66666666666667,13.333333333333334,14.0,,,,,,,,,,,,,,,,,,,
7830623,ACADEMY FOR CLASSICAL EDUCATION,145.0,8.96551724137931,91.03448275862068,145.0,548.744827586207,44.76912677999962,6.896551724137931,22.06896551724138,53.10344827586207,17.93103448275862,93.10344827586206,71.03448275862068,142.0,51.5,26.760563380281692,38.732394366197184,34.50704225352113,,,,,,,,,,,,,,,
7830624,SPRING CREEK CHARTER ACADEMY,35.0,37.142857142857146,62.857142857142854,35.0,494.54285714285714,44.366351092282734,28.571428571428573,45.714285714285715,22.857142857142858,2.857142857142857,71.42857142857143,25.714285714285715,33.0,32,54.54545454545455,24.242424242424242,21.21212121212121,,,,,,,,,,,,,,,
7830626,FURLOW CHARTER SCHOOL,42.0,30.952380952380953,69.04761904761905,42.0,511.04761904761904,52.70208603311241,26.19047619047619,30.952380952380953,35.714285714285715,7.142857142857143,73.80952380952381,42.857142857142854,40.0,42.5,47.5,27.5,25,,,,,,,,,,,,,,,CHATTAHOOCHEE-FLINT
7830627,ATLANTA SMART ACADEMY,59.0,35.59322033898305,64.40677966101696,59.0,501.3728813559322,52.32982215125743,33.898305084745765,35.59322033898305,25.423728813559322,5.084745762711864,66.10169491525424,30.508474576271187,52.0,66,26.923076923076923,23.076923076923077,50,,,,,,,,,,,,,,,
7830630,BACONTON COMMUNITY CHARTER SCHOOL,75.0,12,88,75.0,532.92,48.279244043433515,10.666666666666666,29.333333333333332,53.333333333333336,6.666666666666667,89.33333333333333,60,74.0,64,29.72972972972973,24.324324324324323,45.945945945945944,,,,,,,,,,,,,,,
7830632,ATLANTA UNBOUND ACADEMY,19.0,42.10526315789474,57.89473684210526,19.0,483.42105263157896,56.53839972332834,42.10526315789474,26.31578947368421,31.57894736842105,0,57.89473684210526,31.57894736842105,19.0,58,21.05263157894737,31.57894736842105,47.36842105263158,,,,,,,,,,,,,,,
7830634,GEORGIA FUGEES ACADEMY CHARTER SCHO,32.0,56.25,43.75,32.0,475.40625,51.015405247637155,53.125,34.375,9.375,3.125,46.875,12.5,28.0,52.5,21.428571428571427,50,28.571428571428573,,,,,,,,,,,,,,,
7830636,NORTHWEST CLASSICAL ACADEMY,66.0,19.696969696969695,80.3030303030303,66.0,520.530303030303,43.40160213170784,19.696969696969695,34.84848484848485,39.39393939393939,6.0606060606060606,80.3030303030303,45.45454545454545,63.0,45,33.333333333333336,49.20634920634921,17.46031746031746,,,,,,,,,,,,,,,
7830642,DESTINATIONS CAREER ACADEMY OF GEOR,134.0,35.82089552238806,64.17910447761194,134.0,485.7835820895522,47.53824925214826,41.791044776119406,37.3134328358209,19.402985074626866,1.492537313432836,58.208955223880594,20.895522388059703,99.0,45,40.4040404040404,26.262626262626263,33.333333333333336,,,,,,,,,,,,,,,
7830647,RISE PREPARATORY CHARTER SCHOOL,68.0,38.23529411764706,61.76470588235294,68.0,491.6764705882353,61.27414325907341,38.23529411764706,27.941176470588236,29.41176470588235,4.411764705882353,61.76470588235294,33.8235294117647,63.0,74,19.047619047619047,25.396825396825395,55.55555555555556,,,,,,,,,,,,,,,
,,,,,,,,,,,,,,,,,,,,,,,,,,,,,,,,,
"^To achieve a reading status designation of Grade Level or Above, a student must demonstrate reading skill at the beginning of the grade-level stretch band. ",,,,,,,,,,,,,,,,,,,,,,,,,,,,,,,,,
